INSERT INTO PAYMENT_PROCESSOR (ID, FLAT_FEE)
VALUES ('CCPP1', '0.20'),       
       ('CCPP2', '0.50');

INSERT INTO ACQUIRER_PLUS_PRICING (PAYMENT_PROCESSOR_ID, VOLUME, PERCENTAGE)
VALUES ('CCPP1', 2, 2),
       ('CCPP1', 5, 1.5),
       ('CCPP2', 2, 2.5),
       ('CCPP2', 5, 1);

INSERT INTO ECOMMERCE (ID)
VALUES ('ECOMMERCE1'),       
       ('ECOMMERCE2');

       
INSERT INTO PAYMENT (PAYMENT_PROCESSOR_ID, ECOMMERCE_ID, AMOUNT, PAYMENT_DATE)
VALUES 	('CCPP1', 'ECOMMERCE1', 5, '2021-09-01'),

		('CCPP1', 'ECOMMERCE1', 5, '2021-10-01'),
		('CCPP1', 'ECOMMERCE1', 5, '2021-10-02'),
		('CCPP1', 'ECOMMERCE1', 5, '2021-10-03'),
		('CCPP1', 'ECOMMERCE1', 3, '2021-10-04'),
		
		('CCPP1', 'ECOMMERCE1', 4, '2021-11-01'),
		('CCPP1', 'ECOMMERCE1', 2, '2021-11-02'),
		('CCPP1', 'ECOMMERCE1', 3, '2021-11-03'),
		('CCPP1', 'ECOMMERCE1', 2, '2021-11-04'),
		('CCPP1', 'ECOMMERCE1', 4, '2021-11-05'),
		('CCPP1', 'ECOMMERCE1', 4, '2021-11-06'),
		
		('CCPP1', 'ECOMMERCE2', 6, '2021-09-01'),
		('CCPP1', 'ECOMMERCE2', 4, '2021-09-02'),
		('CCPP1', 'ECOMMERCE2', 6, '2021-09-03'),
		('CCPP1', 'ECOMMERCE2', 4, '2021-09-04'),
		('CCPP1', 'ECOMMERCE2', 2, '2021-09-05'),
		('CCPP1', 'ECOMMERCE2', 2, '2021-09-06'),
		
		('CCPP1', 'ECOMMERCE2', 8, '2021-10-01'),
		
		('CCPP1', 'ECOMMERCE2', 8, '2021-11-01'),
		('CCPP1', 'ECOMMERCE2', 2, '2021-11-02'),
		('CCPP1', 'ECOMMERCE2', 8, '2021-11-03'),
		('CCPP1', 'ECOMMERCE2', 8, '2021-11-04'),
		
		
		('CCPP2', 'ECOMMERCE1', 7, '2021-09-01'),
		
		('CCPP2', 'ECOMMERCE1', 7, '2021-10-02'),
		('CCPP2', 'ECOMMERCE1', 7, '2021-10-03'),
		('CCPP2', 'ECOMMERCE1', 5, '2021-10-04'),
		('CCPP2', 'ECOMMERCE1', 7, '2021-10-01'),

		('CCPP2', 'ECOMMERCE1', 8, '2021-11-01'),
		('CCPP2', 'ECOMMERCE1', 5, '2021-11-02'),
		('CCPP2', 'ECOMMERCE1', 6, '2021-11-03'),
		('CCPP2', 'ECOMMERCE1', 5, '2021-11-04'),
		('CCPP2', 'ECOMMERCE1', 8, '2021-11-05'),
		('CCPP2', 'ECOMMERCE1', 8, '2021-11-06'),

		('CCPP2', 'ECOMMERCE2', 4, '2021-11-01'),
		
		('CCPP2', 'ECOMMERCE2', 4, '2021-10-01'),
		('CCPP2', 'ECOMMERCE2', 3, '2021-10-02'),
		('CCPP2', 'ECOMMERCE2', 4, '2021-10-03'),
		('CCPP2', 'ECOMMERCE2', 4, '2021-10-04'),

		('CCPP2', 'ECOMMERCE2', 5, '2021-09-01'),
		('CCPP2', 'ECOMMERCE2', 3, '2021-09-02'),
		('CCPP2', 'ECOMMERCE2', 5, '2021-09-03'),
		('CCPP2', 'ECOMMERCE2', 3, '2021-09-04'),
		('CCPP2', 'ECOMMERCE2', 4, '2021-09-05'),
		('CCPP2', 'ECOMMERCE2', 4, '2021-09-06');
		